id;firstname;lastname;phone_number
1;John;Doe;+123456789012
2;Jane;Smith;+123456789013
3;Emily;Jones;+123456789014
4;Michael;Brown;+123456789015
5;Alice;Johnson;+123456789016
6;Chris;Lee;+123456789017
7;Jessica;Wang;+123456789018
8;Daniel;Clark;+123456789019
9;Mary;Lopez;+123456789020
10;David;Martinez;+123456789021
11;Susan;Gonzalez;+123456789022
12;James;Hernandez;+123456789023
13;Maria;King;+123456789024
14;Robert;Scott;+123456789025
15;Patricia;Adams;+123456789026
16;William;Carter;+123456789027
17;Linda;Baker;+123456789028
18;Matthew;Hall;+123456789029
19;Elizabeth;Young;+123456789030
20;Charles;Allen;+123456789031